Metric,Mean,Std
Precision,0.8737611591080413,0.0172164820987936
Recall,0.8856932153392331,0.014455029779942893
F1,0.877079899668649,0.015839720125255984
